{"objects": [{"x": 64, "y": 89, "width": 62, "height": 63, "label": "bicycle", "confidence": 0.9288486838340759}, {"x": 105, "y": 65, "width": 78, "height": 41, "label": "car", "confidence": 0.8862500786781311}, {"x": 70, "y": 50, "width": 41, "height": 88, "label": "person", "confidence": 0.8447132110595703}, {"x": 29, "y": 73, "width": 4, "height": 12, "label": "person", "confidence": 0.40537029504776}]}